[{"model": "admin.logentry", "pk": 1, "fields": {"action_time": "2022-11-03T17:00:48.967Z", "user": 1, "content_type": 7, "object_id": "1", "object_repr": "Product object (1)", "action_flag": 1, "change_message": "[{\"added\": {}}]"}}, {"model": "admin.logentry", "pk": 2, "fields": {"action_time": "2022-11-06T09:39:35.346Z", "user": 1, "content_type": 8, "object_id": "1", "object_repr": "Order object (1)", "action_flag": 1, "change_message": "[{\"added\": {}}]"}}, {"model": "admin.logentry", "pk": 3, "fields": {"action_time": "2022-11-06T17:04:22.580Z", "user": 1, "content_type": 7, "object_id": "11", "object_repr": "Product object (11)", "action_flag": 1, "change_message": "[{\"added\": {}}]"}}, {"model": "admin.logentry", "pk": 4, "fields": {"action_time": "2022-11-06T17:04:35.245Z", "user": 1, "content_type": 7, "object_id": "12", "object_repr": "Product object (12)", "action_flag": 1, "change_message": "[{\"added\": {}}]"}}, {"model": "admin.logentry", "pk": 5, "fields": {"action_time": "2022-11-06T17:05:22.500Z", "user": 1, "content_type": 7, "object_id": "13", "object_repr": "Product object (13)", "action_flag": 1, "change_message": "[{\"added\": {}}]"}}, {"model": "admin.logentry", "pk": 6, "fields": {"action_time": "2022-11-06T17:18:33.066Z", "user": 1, "content_type": 7, "object_id": "13", "object_repr": "Product object (13)", "action_flag": 3, "change_message": ""}}, {"model": "admin.logentry", "pk": 7, "fields": {"action_time": "2022-11-06T17:18:33.134Z", "user": 1, "content_type": 7, "object_id": "12", "object_repr": "Product object (12)", "action_flag": 3, "change_message": ""}}, {"model": "admin.logentry", "pk": 8, "fields": {"action_time": "2022-11-06T17:18:33.226Z", "user": 1, "content_type": 7, "object_id": "11", "object_repr": "Product object (11)", "action_flag": 3, "change_message": ""}}, {"model": "admin.logentry", "pk": 9, "fields": {"action_time": "2022-11-06T17:18:33.326Z", "user": 1, "content_type": 7, "object_id": "10", "object_repr": "Product object (10)", "action_flag": 3, "change_message": ""}}, {"model": "admin.logentry", "pk": 10, "fields": {"action_time": "2022-11-06T17:18:33.409Z", "user": 1, "content_type": 7, "object_id": "9", "object_repr": "Product object (9)", "action_flag": 3, "change_message": ""}}, {"model": "admin.logentry", "pk": 11, "fields": {"action_time": "2022-11-06T17:18:33.484Z", "user": 1, "content_type": 7, "object_id": "8", "object_repr": "Product object (8)", "action_flag": 3, "change_message": ""}}, {"model": "admin.logentry", "pk": 12, "fields": {"action_time": "2022-11-06T17:18:33.568Z", "user": 1, "content_type": 7, "object_id": "7", "object_repr": "Product object (7)", "action_flag": 3, "change_message": ""}}, {"model": "admin.logentry", "pk": 13, "fields": {"action_time": "2022-11-06T17:18:33.651Z", "user": 1, "content_type": 7, "object_id": "6", "object_repr": "Product object (6)", "action_flag": 3, "change_message": ""}}, {"model": "admin.logentry", "pk": 14, "fields": {"action_time": "2022-11-06T17:18:33.734Z", "user": 1, "content_type": 7, "object_id": "5", "object_repr": "Product object (5)", "action_flag": 3, "change_message": ""}}, {"model": "admin.logentry", "pk": 15, "fields": {"action_time": "2022-11-06T17:18:33.826Z", "user": 1, "content_type": 7, "object_id": "4", "object_repr": "Product object (4)", "action_flag": 3, "change_message": ""}}, {"model": "admin.logentry", "pk": 16, "fields": {"action_time": "2022-11-06T17:18:33.909Z", "user": 1, "content_type": 7, "object_id": "3", "object_repr": "Product object (3)", "action_flag": 3, "change_message": ""}}, {"model": "admin.logentry", "pk": 17, "fields": {"action_time": "2022-11-06T17:18:33.992Z", "user": 1, "content_type": 7, "object_id": "2", "object_repr": "Product object (2)", "action_flag": 3, "change_message": ""}}, {"model": "admin.logentry", "pk": 18, "fields": {"action_time": "2022-11-06T17:18:34.076Z", "user": 1, "content_type": 7, "object_id": "1", "object_repr": "Product object (1)", "action_flag": 3, "change_message": ""}}, {"model": "admin.logentry", "pk": 19, "fields": {"action_time": "2022-11-06T17:22:35.676Z", "user": 1, "content_type": 7, "object_id": "14", "object_repr": "Product object (14)", "action_flag": 1, "change_message": "[{\"added\": {}}]"}}, {"model": "admin.logentry", "pk": 20, "fields": {"action_time": "2022-11-06T17:24:00.374Z", "user": 1, "content_type": 7, "object_id": "15", "object_repr": "Product object (15)", "action_flag": 1, "change_message": "[{\"added\": {}}]"}}, {"model": "admin.logentry", "pk": 21, "fields": {"action_time": "2022-11-06T17:24:36.640Z", "user": 1, "content_type": 7, "object_id": "16", "object_repr": "Product object (16)", "action_flag": 1, "change_message": "[{\"added\": {}}]"}}, {"model": "admin.logentry", "pk": 22, "fields": {"action_time": "2022-11-06T17:26:22.577Z", "user": 1, "content_type": 7, "object_id": "17", "object_repr": "Product object (17)", "action_flag": 1, "change_message": "[{\"added\": {}}]"}}, {"model": "admin.logentry", "pk": 23, "fields": {"action_time": "2022-11-19T15:10:53.421Z", "user": 1, "content_type": 7, "object_id": "18", "object_repr": "Product object (18)", "action_flag": 1, "change_message": "[{\"added\": {}}]"}}, {"model": "admin.logentry", "pk": 24, "fields": {"action_time": "2022-11-22T14:41:07.909Z", "user": 1, "content_type": 7, "object_id": "18", "object_repr": "Product object (18)", "action_flag": 3, "change_message": ""}}, {"model": "admin.logentry", "pk": 25, "fields": {"action_time": "2022-11-22T14:41:08.006Z", "user": 1, "content_type": 7, "object_id": "17", "object_repr": "Product object (17)", "action_flag": 3, "change_message": ""}}, {"model": "admin.logentry", "pk": 26, "fields": {"action_time": "2022-11-22T14:41:08.139Z", "user": 1, "content_type": 7, "object_id": "16", "object_repr": "Product object (16)", "action_flag": 3, "change_message": ""}}, {"model": "admin.logentry", "pk": 27, "fields": {"action_time": "2022-11-22T14:41:08.214Z", "user": 1, "content_type": 7, "object_id": "15", "object_repr": "Product object (15)", "action_flag": 3, "change_message": ""}}, {"model": "admin.logentry", "pk": 28, "fields": {"action_time": "2022-11-22T14:41:08.297Z", "user": 1, "content_type": 7, "object_id": "14", "object_repr": "Product object (14)", "action_flag": 3, "change_message": ""}}, {"model": "admin.logentry", "pk": 29, "fields": {"action_time": "2022-11-22T14:46:52.369Z", "user": 1, "content_type": 7, "object_id": "19", "object_repr": "Product object (19)", "action_flag": 1, "change_message": "[{\"added\": {}}]"}}, {"model": "admin.logentry", "pk": 30, "fields": {"action_time": "2022-11-22T14:47:22.984Z", "user": 1, "content_type": 7, "object_id": "20", "object_repr": "Product object (20)", "action_flag": 1, "change_message": "[{\"added\": {}}]"}}, {"model": "admin.logentry", "pk": 31, "fields": {"action_time": "2022-11-22T14:48:13.801Z", "user": 1, "content_type": 7, "object_id": "21", "object_repr": "Product object (21)", "action_flag": 1, "change_message": "[{\"added\": {}}]"}}, {"model": "admin.logentry", "pk": 32, "fields": {"action_time": "2022-11-22T14:49:36.366Z", "user": 1, "content_type": 7, "object_id": "22", "object_repr": "Product object (22)", "action_flag": 1, "change_message": "[{\"added\": {}}]"}}, {"model": "admin.logentry", "pk": 33, "fields": {"action_time": "2022-11-22T14:50:05.802Z", "user": 1, "content_type": 7, "object_id": "23", "object_repr": "Product object (23)", "action_flag": 1, "change_message": "[{\"added\": {}}]"}}, {"model": "admin.logentry", "pk": 34, "fields": {"action_time": "2022-11-22T14:50:59.141Z", "user": 1, "content_type": 7, "object_id": "24", "object_repr": "Product object (24)", "action_flag": 1, "change_message": "[{\"added\": {}}]"}}, {"model": "admin.logentry", "pk": 35, "fields": {"action_time": "2022-11-22T14:51:55.557Z", "user": 1, "content_type": 7, "object_id": "25", "object_repr": "Product object (25)", "action_flag": 1, "change_message": "[{\"added\": {}}]"}}, {"model": "admin.logentry", "pk": 36, "fields": {"action_time": "2022-11-22T14:52:16.383Z", "user": 1, "content_type": 7, "object_id": "26", "object_repr": "Product object (26)", "action_flag": 1, "change_message": "[{\"added\": {}}]"}}, {"model": "admin.logentry", "pk": 37, "fields": {"action_time": "2022-11-22T14:53:07.385Z", "user": 1, "content_type": 7, "object_id": "27", "object_repr": "Product object (27)", "action_flag": 1, "change_message": "[{\"added\": {}}]"}}, {"model": "admin.logentry", "pk": 38, "fields": {"action_time": "2022-11-22T14:53:58.879Z", "user": 1, "content_type": 7, "object_id": "28", "object_repr": "Product object (28)", "action_flag": 1, "change_message": "[{\"added\": {}}]"}}, {"model": "admin.logentry", "pk": 39, "fields": {"action_time": "2022-11-22T14:54:36.094Z", "user": 1, "content_type": 7, "object_id": "29", "object_repr": "Product object (29)", "action_flag": 1, "change_message": "[{\"added\": {}}]"}}, {"model": "admin.logentry", "pk": 40, "fields": {"action_time": "2022-11-22T14:55:08.258Z", "user": 1, "content_type": 7, "object_id": "30", "object_repr": "Product object (30)", "action_flag": 1, "change_message": "[{\"added\": {}}]"}}, {"model": "admin.logentry", "pk": 41, "fields": {"action_time": "2022-11-22T14:55:45.660Z", "user": 1, "content_type": 7, "object_id": "31", "object_repr": "Product object (31)", "action_flag": 1, "change_message": "[{\"added\": {}}]"}}, {"model": "admin.logentry", "pk": 42, "fields": {"action_time": "2022-11-22T14:56:28.731Z", "user": 1, "content_type": 7, "object_id": "32", "object_repr": "Product object (32)", "action_flag": 1, "change_message": "[{\"added\": {}}]"}}, {"model": "admin.logentry", "pk": 43, "fields": {"action_time": "2022-11-22T14:57:34.177Z", "user": 1, "content_type": 7, "object_id": "26", "object_repr": "Product object (26)", "action_flag": 3, "change_message": ""}}, {"model": "admin.logentry", "pk": 44, "fields": {"action_time": "2022-11-22T14:57:34.284Z", "user": 1, "content_type": 7, "object_id": "23", "object_repr": "Product object (23)", "action_flag": 3, "change_message": ""}}, {"model": "admin.logentry", "pk": 45, "fields": {"action_time": "2022-11-22T14:57:34.384Z", "user": 1, "content_type": 7, "object_id": "21", "object_repr": "Product object (21)", "action_flag": 3, "change_message": ""}}, {"model": "admin.logentry", "pk": 46, "fields": {"action_time": "2022-11-22T14:58:19.787Z", "user": 1, "content_type": 7, "object_id": "24", "object_repr": "Product object (24)", "action_flag": 3, "change_message": ""}}, {"model": "admin.logentry", "pk": 47, "fields": {"action_time": "2022-11-22T14:59:11.782Z", "user": 1, "content_type": 7, "object_id": "31", "object_repr": "Product object (31)", "action_flag": 2, "change_message": "[{\"changed\": {\"fields\": [\"Price\"]}}]"}}, {"model": "auth.permission", "pk": 1, "fields": {"name": "Can add log entry", "content_type": 1, "codename": "add_logentry"}}, {"model": "auth.permission", "pk": 2, "fields": {"name": "Can change log entry", "content_type": 1, "codename": "change_logentry"}}, {"model": "auth.permission", "pk": 3, "fields": {"name": "Can delete log entry", "content_type": 1, "codename": "delete_logentry"}}, {"model": "auth.permission", "pk": 4, "fields": {"name": "Can view log entry", "content_type": 1, "codename": "view_logentry"}}, {"model": "auth.permission", "pk": 5, "fields": {"name": "Can add permission", "content_type": 2, "codename": "add_permission"}}, {"model": "auth.permission", "pk": 6, "fields": {"name": "Can change permission", "content_type": 2, "codename": "change_permission"}}, {"model": "auth.permission", "pk": 7, "fields": {"name": "Can delete permission", "content_type": 2, "codename": "delete_permission"}}, {"model": "auth.permission", "pk": 8, "fields": {"name": "Can view permission", "content_type": 2, "codename": "view_permission"}}, {"model": "auth.permission", "pk": 9, "fields": {"name": "Can add group", "content_type": 3, "codename": "add_group"}}, {"model": "auth.permission", "pk": 10, "fields": {"name": "Can change group", "content_type": 3, "codename": "change_group"}}, {"model": "auth.permission", "pk": 11, "fields": {"name": "Can delete group", "content_type": 3, "codename": "delete_group"}}, {"model": "auth.permission", "pk": 12, "fields": {"name": "Can view group", "content_type": 3, "codename": "view_group"}}, {"model": "auth.permission", "pk": 13, "fields": {"name": "Can add user", "content_type": 4, "codename": "add_user"}}, {"model": "auth.permission", "pk": 14, "fields": {"name": "Can change user", "content_type": 4, "codename": "change_user"}}, {"model": "auth.permission", "pk": 15, "fields": {"name": "Can delete user", "content_type": 4, "codename": "delete_user"}}, {"model": "auth.permission", "pk": 16, "fields": {"name": "Can view user", "content_type": 4, "codename": "view_user"}}, {"model": "auth.permission", "pk": 17, "fields": {"name": "Can add content type", "content_type": 5, "codename": "add_contenttype"}}, {"model": "auth.permission", "pk": 18, "fields": {"name": "Can change content type", "content_type": 5, "codename": "change_contenttype"}}, {"model": "auth.permission", "pk": 19, "fields": {"name": "Can delete content type", "content_type": 5, "codename": "delete_contenttype"}}, {"model": "auth.permission", "pk": 20, "fields": {"name": "Can view content type", "content_type": 5, "codename": "view_contenttype"}}, {"model": "auth.permission", "pk": 21, "fields": {"name": "Can add session", "content_type": 6, "codename": "add_session"}}, {"model": "auth.permission", "pk": 22, "fields": {"name": "Can change session", "content_type": 6, "codename": "change_session"}}, {"model": "auth.permission", "pk": 23, "fields": {"name": "Can delete session", "content_type": 6, "codename": "delete_session"}}, {"model": "auth.permission", "pk": 24, "fields": {"name": "Can view session", "content_type": 6, "codename": "view_session"}}, {"model": "auth.permission", "pk": 25, "fields": {"name": "Can add product", "content_type": 7, "codename": "add_product"}}, {"model": "auth.permission", "pk": 26, "fields": {"name": "Can change product", "content_type": 7, "codename": "change_product"}}, {"model": "auth.permission", "pk": 27, "fields": {"name": "Can delete product", "content_type": 7, "codename": "delete_product"}}, {"model": "auth.permission", "pk": 28, "fields": {"name": "Can view product", "content_type": 7, "codename": "view_product"}}, {"model": "auth.permission", "pk": 29, "fields": {"name": "Can add order", "content_type": 8, "codename": "add_order"}}, {"model": "auth.permission", "pk": 30, "fields": {"name": "Can change order", "content_type": 8, "codename": "change_order"}}, {"model": "auth.permission", "pk": 31, "fields": {"name": "Can delete order", "content_type": 8, "codename": "delete_order"}}, {"model": "auth.permission", "pk": 32, "fields": {"name": "Can view order", "content_type": 8, "codename": "view_order"}}, {"model": "auth.permission", "pk": 33, "fields": {"name": "Can add order item", "content_type": 9, "codename": "add_orderitem"}}, {"model": "auth.permission", "pk": 34, "fields": {"name": "Can change order item", "content_type": 9, "codename": "change_orderitem"}}, {"model": "auth.permission", "pk": 35, "fields": {"name": "Can delete order item", "content_type": 9, "codename": "delete_orderitem"}}, {"model": "auth.permission", "pk": 36, "fields": {"name": "Can view order item", "content_type": 9, "codename": "view_orderitem"}}, {"model": "auth.permission", "pk": 37, "fields": {"name": "Can add int", "content_type": 10, "codename": "add_int"}}, {"model": "auth.permission", "pk": 38, "fields": {"name": "Can change int", "content_type": 10, "codename": "change_int"}}, {"model": "auth.permission", "pk": 39, "fields": {"name": "Can delete int", "content_type": 10, "codename": "delete_int"}}, {"model": "auth.permission", "pk": 40, "fields": {"name": "Can view int", "content_type": 10, "codename": "view_int"}}, {"model": "auth.permission", "pk": 41, "fields": {"name": "Can add shipping address", "content_type": 11, "codename": "add_shippingaddress"}}, {"model": "auth.permission", "pk": 42, "fields": {"name": "Can change shipping address", "content_type": 11, "codename": "change_shippingaddress"}}, {"model": "auth.permission", "pk": 43, "fields": {"name": "Can delete shipping address", "content_type": 11, "codename": "delete_shippingaddress"}}, {"model": "auth.permission", "pk": 44, "fields": {"name": "Can view shipping address", "content_type": 11, "codename": "view_shippingaddress"}}, {"model": "auth.permission", "pk": 45, "fields": {"name": "Can add card", "content_type": 12, "codename": "add_card"}}, {"model": "auth.permission", "pk": 46, "fields": {"name": "Can change card", "content_type": 12, "codename": "change_card"}}, {"model": "auth.permission", "pk": 47, "fields": {"name": "Can delete card", "content_type": 12, "codename": "delete_card"}}, {"model": "auth.permission", "pk": 48, "fields": {"name": "Can view card", "content_type": 12, "codename": "view_card"}}, {"model": "auth.user", "pk": 1, "fields": {"password": "pbkdf2_sha256$390000$vZJMGH410wZfUJ2mTgiiOX$nWwcT5sMx0T1+cosU+pOrodvzErA086ZSRHSY6GgLSg=", "last_login": "2022-11-22T18:09:27.498Z", "is_superuser": true, "username": "adddmin", "first_name": "", "last_name": "", "email": "adddmin@gmail.com", "is_staff": true, "is_active": true, "date_joined": "2022-11-03T16:58:48.764Z", "groups": [], "user_permissions": []}}, {"model": "auth.user", "pk": 2, "fields": {"password": "pbkdf2_sha256$390000$i22QanuhNQBt6DKx4QNa9S$mIgWXcJr9kQmlOc0eoP/dnvKLgnXie906QafMDGR664=", "last_login": "2022-11-21T11:01:47.157Z", "is_superuser": false, "username": "ant@gmail.com", "first_name": "антон", "last_name": "", "email": "ant@gmail.com", "is_staff": false, "is_active": true, "date_joined": "2022-11-20T20:01:10.328Z", "groups": [], "user_permissions": []}}, {"model": "auth.user", "pk": 3, "fields": {"password": "pbkdf2_sha256$390000$zC1aKF8OgxptdLgBWcRwRE$5aV6DIDOkuEVCDHuVeQNdc7LuLpVQhLV6A/V40/7aVI=", "last_login": "2022-11-20T20:04:22.513Z", "is_superuser": false, "username": "user2@gmail.com", "first_name": "user2", "last_name": "", "email": "user2@gmail.com", "is_staff": false, "is_active": true, "date_joined": "2022-11-20T20:04:21.987Z", "groups": [], "user_permissions": []}}, {"model": "auth.user", "pk": 4, "fields": {"password": "pbkdf2_sha256$390000$knazHTeGqGgVn5UsK6wlBb$FpBnsSQaSnEd7XQL8vGhkY0qcFKXzJ2sSYevvGgbGlg=", "last_login": "2022-11-28T14:32:59.728Z", "is_superuser": false, "username": "adddmin@gmail.com", "first_name": "", "last_name": "", "email": "adddmin@gmail.com", "is_staff": false, "is_active": true, "date_joined": "2022-11-21T10:48:37.400Z", "groups": [], "user_permissions": []}}, {"model": "auth.user", "pk": 5, "fields": {"password": "pbkdf2_sha256$390000$RrPxY9juWJHUCE1EuW9hYn$II9EtPSjGQlPFGmzvRmT54LIc/27YhbJd3sFhuQUcyk=", "last_login": "2022-11-21T15:46:40.318Z", "is_superuser": false, "username": "ivan@gmail.com", "first_name": "ivan", "last_name": "", "email": "ivan@gmail.com", "is_staff": false, "is_active": true, "date_joined": "2022-11-21T11:08:23.172Z", "groups": [], "user_permissions": []}}, {"model": "auth.user", "pk": 6, "fields": {"password": "pbkdf2_sha256$390000$SPy6ROAVlwweaPWFsS1ObN$jdD1XH68IkCOX4otf6q2HyWCQyrTi0147wW6CxzERPI=", "last_login": "2022-11-21T15:48:55.027Z", "is_superuser": false, "username": "a@gmail.com", "first_name": "a", "last_name": "", "email": "a@gmail.com", "is_staff": false, "is_active": true, "date_joined": "2022-11-21T15:48:28.982Z", "groups": [], "user_permissions": []}}, {"model": "auth.user", "pk": 7, "fields": {"password": "pbkdf2_sha256$390000$AsspFOn8BhlhPNnLxNKjXb$MxMY3yBh/edLzGGcGoKBugv2UMBaBvq4wU7jcsxNrrU=", "last_login": "2022-11-21T18:51:12.829Z", "is_superuser": false, "username": "alex@gmail.com", "first_name": "alex", "last_name": "", "email": "alex@gmail.com", "is_staff": false, "is_active": true, "date_joined": "2022-11-21T18:51:12.337Z", "groups": [], "user_permissions": []}}, {"model": "auth.user", "pk": 8, "fields": {"password": "pbkdf2_sha256$390000$F9KlLlaclPPqvgxKIULXAv$tvLE35xAMDRdX3MLOtOg5vDKpmTOckmjoZZK9Jz+0b4=", "last_login": "2022-11-22T15:29:32.430Z", "is_superuser": false, "username": "hsdfhsd", "first_name": "asdgasd", "last_name": "", "email": "hsdfhsd", "is_staff": false, "is_active": true, "date_joined": "2022-11-22T15:29:31.858Z", "groups": [], "user_permissions": []}}, {"model": "auth.user", "pk": 9, "fields": {"password": "gasd", "last_login": "2022-11-22T15:50:01.274Z", "is_superuser": false, "username": "", "first_name": "gsd", "last_name": "", "email": "", "is_staff": false, "is_active": true, "date_joined": "2022-11-22T15:50:01.147Z", "groups": [], "user_permissions": []}}, {"model": "auth.user", "pk": 10, "fields": {"password": "pbkdf2_sha256$390000$2ajn08zpwYItJhYGoyBf7f$PRbA2BD2PkXOfjCfKavD5fR2rrH6TPLp1mLPfuM72Jk=", "last_login": "2022-11-22T18:08:52.851Z", "is_superuser": false, "username": "sdgsaasds@gmmai.com", "first_name": "asdg", "last_name": "", "email": "sdgsaasds@gmmai.com", "is_staff": false, "is_active": true, "date_joined": "2022-11-22T18:08:52.309Z", "groups": [], "user_permissions": []}}, {"model": "auth.user", "pk": 11, "fields": {"password": "pbkdf2_sha256$390000$y2xMsU2s75DfPDR1hNwvn3$fydpIHg8MRTcqY1SQeyku2fG9ivpgAmFlStgP5IVt1w=", "last_login": "2022-11-22T18:10:09.456Z", "is_superuser": false, "username": "ppp@gmai", "first_name": "asdf", "last_name": "", "email": "ppp@gmai", "is_staff": false, "is_active": true, "date_joined": "2022-11-22T18:10:08.920Z", "groups": [], "user_permissions": []}}, {"model": "auth.user", "pk": 12, "fields": {"password": "pbkdf2_sha256$390000$G7AQUfzvuL13qGfnz9i0W2$BOhUd0VX9GLsD8i4G9m7jwpdtaMUKX9psTc1bYjtMKs=", "last_login": "2022-11-22T18:22:26.671Z", "is_superuser": false, "username": "asd@gmail.com", "first_name": "asdf", "last_name": "", "email": "asd@gmail.com", "is_staff": false, "is_active": true, "date_joined": "2022-11-22T18:22:26.128Z", "groups": [], "user_permissions": []}}, {"model": "auth.user", "pk": 13, "fields": {"password": "pbkdf2_sha256$390000$BsgH6wW20KGgtrwvD1ZPRF$rpOPajYThmpSCN6WQt2mb1sjHg+r6V5ghD0TvHOSMCU=", "last_login": "2022-11-22T18:23:27.483Z", "is_superuser": false, "username": "adddsdmin@gmail.com", "first_name": "aaadgasd", "last_name": "", "email": "adddsdmin@gmail.com", "is_staff": false, "is_active": true, "date_joined": "2022-11-22T18:23:26.955Z", "groups": [], "user_permissions": []}}, {"model": "auth.user", "pk": 14, "fields": {"password": "pbkdf2_sha256$390000$fmU8uNrDAdc6TMgOxcwZzZ$Me/6cJdT+6ANddimkkTK2EhGJiGvMLlEMRXrWjKaGJE=", "last_login": "2022-11-22T18:24:20.332Z", "is_superuser": false, "username": "addddmin@gmail.com", "first_name": "asdf", "last_name": "", "email": "addddmin@gmail.com", "is_staff": false, "is_active": true, "date_joined": "2022-11-22T18:24:19.794Z", "groups": [], "user_permissions": []}}, {"model": "auth.user", "pk": 15, "fields": {"password": "pbkdf2_sha256$390000$PJGe2KBz9pqg6BRDBq5pfP$pbMDtpY+qWaAi7CR9xjURht4CDb+y/BvrX+QwV4Q64g=", "last_login": "2022-11-22T18:27:11.717Z", "is_superuser": false, "username": "vasya@gmail.com", "first_name": "vasya", "last_name": "", "email": "vasya@gmail.com", "is_staff": false, "is_active": true, "date_joined": "2022-11-22T18:26:25.451Z", "groups": [], "user_permissions": []}}, {"model": "auth.user", "pk": 16, "fields": {"password": "pbkdf2_sha256$390000$BctmtcCZkMgZnjBPzmRAbg$eDK3EKnaotrrH8M44fY8owXULAeI6QfUknIq2O2mly8=", "last_login": "2022-11-22T18:28:30.795Z", "is_superuser": false, "username": "vasya1@gmail.com", "first_name": "vasya1", "last_name": "", "email": "vasya1@gmail.com", "is_staff": false, "is_active": true, "date_joined": "2022-11-22T18:27:56.128Z", "groups": [], "user_permissions": []}}, {"model": "auth.user", "pk": 17, "fields": {"password": "pbkdf2_sha256$390000$o4r7GQMEEyDT4XWpCnahgO$dBfshR/8rrb2I0YaE/LdtEpHKCBm5K3erbpL+CwDyTg=", "last_login": "2022-11-28T14:17:36.226Z", "is_superuser": false, "username": "v@gmail.com", "first_name": "v", "last_name": "", "email": "v@gmail.com", "is_staff": false, "is_active": true, "date_joined": "2022-11-28T14:17:35.669Z", "groups": [], "user_permissions": []}}, {"model": "contenttypes.contenttype", "pk": 1, "fields": {"app_label": "admin", "model": "logentry"}}, {"model": "contenttypes.contenttype", "pk": 2, "fields": {"app_label": "auth", "model": "permission"}}, {"model": "contenttypes.contenttype", "pk": 3, "fields": {"app_label": "auth", "model": "group"}}, {"model": "contenttypes.contenttype", "pk": 4, "fields": {"app_label": "auth", "model": "user"}}, {"model": "contenttypes.contenttype", "pk": 5, "fields": {"app_label": "contenttypes", "model": "contenttype"}}, {"model": "contenttypes.contenttype", "pk": 6, "fields": {"app_label": "sessions", "model": "session"}}, {"model": "contenttypes.contenttype", "pk": 7, "fields": {"app_label": "shop", "model": "product"}}, {"model": "contenttypes.contenttype", "pk": 8, "fields": {"app_label": "shop", "model": "order"}}, {"model": "contenttypes.contenttype", "pk": 9, "fields": {"app_label": "shop", "model": "orderitem"}}, {"model": "contenttypes.contenttype", "pk": 10, "fields": {"app_label": "shop", "model": "int"}}, {"model": "contenttypes.contenttype", "pk": 11, "fields": {"app_label": "shop", "model": "shippingaddress"}}, {"model": "contenttypes.contenttype", "pk": 12, "fields": {"app_label": "shop", "model": "card"}}, {"model": "sessions.session", "pk": "kmgscewmf9c4i7bl07eesyv5uthm026k", "fields": {"session_data": ".eJxVjDEOAiEQRe9CbYjAyIClvWcgAwOyaiBZdivj3XWTLbT9773_EoHWpYZ15DlMLM5CicPvFik9ctsA36nduky9LfMU5abInQ557Zyfl939O6g06rd2BgyCZe20M0VpZT1HG9Frjok4oTH-iBFtyQqLUYwAGrQ9QS6FFIj3B7xRNx8:1osRG1:ZZeOrlmrZLKr5emWfmZeEO1VRssK7vLG2JvmwYnbl1U", "expire_date": "2022-11-22T16:15:25.001Z"}}, {"model": "sessions.session", "pk": "mp9l1pa53vuq2078wlmitqh7sjf2blvx", "fields": {"session_data": ".eJxVjEEOwiAQRe_C2hAgnQ64dO8ZyAxDpWogKe3KeHdt0oVu_3vvv1SkbS1x63mJs6izGtTpd2NKj1x3IHeqt6ZTq-sys94VfdCur03y83K4fweFevnWiAacG513yAlMgAEhIw4-eMOA1kk2bIUMANHIKdE0BZEkDgxYQfX-AK79N3E:1ozfBr:dQXBcLT9IvRzViUuVMhUDaOAss1XDv897MZ1H0LOGVY", "expire_date": "2022-12-12T14:32:59.803Z"}}, {"model": "sessions.session", "pk": "sm8gfaualyrry2ur4f5mtsrngkgsqks7", "fields": {"session_data": ".eJxVjDEOAiEQRe9CbYjAyIClvWcgAwOyaiBZdivj3XWTLbT9773_EoHWpYZ15DlMLM5CicPvFik9ctsA36nduky9LfMU5abInQ557Zyfl939O6g06rd2BgyCZe20M0VpZT1HG9Frjok4oTH-iBFtyQqLUYwAGrQ9QS6FFIj3B7xRNx8:1ovZku:yzDgWodZKIh8EST9mpeyTt62GBj_x2h6tja01YE8FoU", "expire_date": "2022-12-01T07:56:16.842Z"}}, {"model": "sessions.session", "pk": "urz7ioid5n3w6rueplw46gzlp3nck577", "fields": {"session_data": ".eJxVjDEOAiEQRe9CbYjAyIClvWcgAwOyaiBZdivj3XWTLbT9773_EoHWpYZ15DlMLM5CicPvFik9ctsA36nduky9LfMU5abInQ557Zyfl939O6g06rd2BgyCZe20M0VpZT1HG9Frjok4oTH-iBFtyQqLUYwAGrQ9QS6FFIj3B7xRNx8:1oqdZ3:pxS2dFxdjufeqbytmTIBVfLAHtP1cOuvXgkW9zvYGaI", "expire_date": "2022-11-17T16:59:37.711Z"}}, {"model": "shop.product", "pk": 19, "fields": {"name": "Computer DS-114", "price": 2000, "description": "Eos no lorem eirmod diam diam, eos elitr et gubergren diam sea. Consetetur vero aliquyam invidunt duo dolores et duo sit. Vero diam ea vero et dolore rebum, dolor rebum eirmod consetetur invidunt sed sed et, lorem duo et eos elitr, sadipscing kasd ipsum rebum diam. Dolore diam stet rebum sed tempor kasd eirmod. Takimata kasd ipsum accusam sadipscing, eos dolores sit no ut diam consetetur duo justo est, sit sanctus diam tempor aliquyam eirmod nonumy rebum dolor accusam, ipsum kasd eos consetetur at sit rebum, diam kasd invidunt tempor lorem, ipsum lorem elitr sanctus eirmod takimata dolor ea invidunt.\r\n\r\n    Dolore magna est eirmod sanctus dolor, amet diam et eirmod et ipsum. Amet dolore tempor consetetur sed lorem dolor sit lorem tempor. Gubergren amet amet labore sadipscing clita clita diam clita. Sea amet et sed ipsum lorem elitr et, amet et labore voluptua sit rebum. Ea erat sed et diam takimata sed justo. Magna takimata justo et amet magna et.", "rating": 5, "pic": "shop/2022/11/computer_2.jpg", "added_at": "2022-11-22T14:46:52.368Z", "category": "Tech", "slug": "1669128412367903-computer-ds-114"}}, {"model": "shop.product", "pk": 20, "fields": {"name": "monitor M-216", "price": 500, "description": "Eos no lorem eirmod diam diam, eos elitr et gubergren diam sea. Consetetur vero aliquyam invidunt duo dolores et duo sit. Vero diam ea vero et dolore rebum, dolor rebum eirmod consetetur invidunt sed sed et, lorem duo et eos elitr, sadipscing kasd ipsum rebum diam. Dolore diam stet rebum sed tempor kasd eirmod. Takimata kasd ipsum accusam sadipscing, eos dolores sit no ut diam consetetur duo justo est, sit sanctus diam tempor aliquyam eirmod nonumy rebum dolor accusam, ipsum kasd eos consetetur at sit rebum, diam kasd invidunt tempor lorem, ipsum lorem elitr sanctus eirmod takimata dolor ea invidunt.\r\n\r\n    Dolore magna est eirmod sanctus dolor, amet diam et eirmod et ipsum. Amet dolore tempor consetetur sed lorem dolor sit lorem tempor. Gubergren amet amet labore sadipscing clita clita diam clita. Sea amet et sed ipsum lorem elitr et, amet et labore voluptua sit rebum. Ea erat sed et diam takimata sed justo. Magna takimata justo et amet magna et.", "rating": 5, "pic": "shop/2022/11/monitor.jpg", "added_at": "2022-11-22T14:47:22.982Z", "category": "Tech", "slug": "16691284429810534-monitor-m-216"}}, {"model": "shop.product", "pk": 22, "fields": {"name": "headphones", "price": 200, "description": "Eos no lorem eirmod diam diam, eos elitr et gubergren diam sea. Consetetur vero aliquyam invidunt duo dolores et duo sit. Vero diam ea vero et dolore rebum, dolor rebum eirmod consetetur invidunt sed sed et, lorem duo et eos elitr, sadipscing kasd ipsum rebum diam. Dolore diam stet rebum sed tempor kasd eirmod. Takimata kasd ipsum accusam sadipscing, eos dolores sit no ut diam consetetur duo justo est, sit sanctus diam tempor aliquyam eirmod nonumy rebum dolor accusam, ipsum kasd eos consetetur at sit rebum, diam kasd invidunt tempor lorem, ipsum lorem elitr sanctus eirmod takimata dolor ea invidunt.\r\n\r\n    Dolore magna est eirmod sanctus dolor, amet diam et eirmod et ipsum. Amet dolore tempor consetetur sed lorem dolor sit lorem tempor. Gubergren amet amet labore sadipscing clita clita diam clita. Sea amet et sed ipsum lorem elitr et, amet et labore voluptua sit rebum. Ea erat sed et diam takimata sed justo. Magna takimata justo et amet magna et.", "rating": 6, "pic": "shop/2022/11/headphones.jpg", "added_at": "2022-11-22T14:49:36.365Z", "category": "Popular", "slug": "16691285763620212-headphones"}}, {"model": "shop.product", "pk": 25, "fields": {"name": "computer ZC-11", "price": 1500, "description": "Eos no lorem eirmod diam diam, eos elitr et gubergren diam sea. Consetetur vero aliquyam invidunt duo dolores et duo sit. Vero diam ea vero et dolore rebum, dolor rebum eirmod consetetur invidunt sed sed et, lorem duo et eos elitr, sadipscing kasd ipsum rebum diam. Dolore diam stet rebum sed tempor kasd eirmod. Takimata kasd ipsum accusam sadipscing, eos dolores sit no ut diam consetetur duo justo est, sit sanctus diam tempor aliquyam eirmod nonumy rebum dolor accusam, ipsum kasd eos consetetur at sit rebum, diam kasd invidunt tempor lorem, ipsum lorem elitr sanctus eirmod takimata dolor ea invidunt.\r\n\r\n    Dolore magna est eirmod sanctus dolor, amet diam et eirmod et ipsum. Amet dolore tempor consetetur sed lorem dolor sit lorem tempor. Gubergren amet amet labore sadipscing clita clita diam clita. Sea amet et sed ipsum lorem elitr et, amet et labore voluptua sit rebum. Ea erat sed et diam takimata sed justo. Magna takimata justo et amet magna et.", "rating": 6, "pic": "shop/2022/11/computer_.jpg", "added_at": "2022-11-22T14:51:55.555Z", "category": "New", "slug": "1669128715549186-computer-zc-11"}}, {"model": "shop.product", "pk": 27, "fields": {"name": "keyboard S-5", "price": 250, "description": "Eos no lorem eirmod diam diam, eos elitr et gubergren diam sea. Consetetur vero aliquyam invidunt duo dolores et duo sit. Vero diam ea vero et dolore rebum, dolor rebum eirmod consetetur invidunt sed sed et, lorem duo et eos elitr, sadipscing kasd ipsum rebum diam. Dolore diam stet rebum sed tempor kasd eirmod. Takimata kasd ipsum accusam sadipscing, eos dolores sit no ut diam consetetur duo justo est, sit sanctus diam tempor aliquyam eirmod nonumy rebum dolor accusam, ipsum kasd eos consetetur at sit rebum, diam kasd invidunt tempor lorem, ipsum lorem elitr sanctus eirmod takimata dolor ea invidunt.\r\n\r\n    Dolore magna est eirmod sanctus dolor, amet diam et eirmod et ipsum. Amet dolore tempor consetetur sed lorem dolor sit lorem tempor. Gubergren amet amet labore sadipscing clita clita diam clita. Sea amet et sed ipsum lorem elitr et, amet et labore voluptua sit rebum. Ea erat sed et diam takimata sed justo. Magna takimata justo et amet magna et.", "rating": 7, "pic": "shop/2022/11/keyboard_1.jpg", "added_at": "2022-11-22T14:53:07.383Z", "category": "Popular", "slug": "1669128787380127-keyboard-s-5"}}, {"model": "shop.product", "pk": 28, "fields": {"name": "Robot", "price": 15000, "description": "Eos no lorem eirmod diam diam, eos elitr et gubergren diam sea. Consetetur vero aliquyam invidunt duo dolores et duo sit. Vero diam ea vero et dolore rebum, dolor rebum eirmod consetetur invidunt sed sed et, lorem duo et eos elitr, sadipscing kasd ipsum rebum diam. Dolore diam stet rebum sed tempor kasd eirmod. Takimata kasd ipsum accusam sadipscing, eos dolores sit no ut diam consetetur duo justo est, sit sanctus diam tempor aliquyam eirmod nonumy rebum dolor accusam, ipsum kasd eos consetetur at sit rebum, diam kasd invidunt tempor lorem, ipsum lorem elitr sanctus eirmod takimata dolor ea invidunt.\r\n\r\n    Dolore magna est eirmod sanctus dolor, amet diam et eirmod et ipsum. Amet dolore tempor consetetur sed lorem dolor sit lorem tempor. Gubergren amet amet labore sadipscing clita clita diam clita. Sea amet et sed ipsum lorem elitr et, amet et labore voluptua sit rebum. Ea erat sed et diam takimata sed justo. Magna takimata justo et amet magna et.", "rating": 8, "pic": "shop/2022/11/Robot.jpg", "added_at": "2022-11-22T14:53:58.878Z", "category": "Popular", "slug": "16691288388769116-robot"}}, {"model": "shop.product", "pk": 29, "fields": {"name": "keyboard 2", "price": 140, "description": "Eos no lorem eirmod diam diam, eos elitr et gubergren diam sea. Consetetur vero aliquyam invidunt duo dolores et duo sit. Vero diam ea vero et dolore rebum, dolor rebum eirmod consetetur invidunt sed sed et, lorem duo et eos elitr, sadipscing kasd ipsum rebum diam. Dolore diam stet rebum sed tempor kasd eirmod. Takimata kasd ipsum accusam sadipscing, eos dolores sit no ut diam consetetur duo justo est, sit sanctus diam tempor aliquyam eirmod nonumy rebum dolor accusam, ipsum kasd eos consetetur at sit rebum, diam kasd invidunt tempor lorem, ipsum lorem elitr sanctus eirmod takimata dolor ea invidunt.\r\n\r\n    Dolore magna est eirmod sanctus dolor, amet diam et eirmod et ipsum. Amet dolore tempor consetetur sed lorem dolor sit lorem tempor. Gubergren amet amet labore sadipscing clita clita diam clita. Sea amet et sed ipsum lorem elitr et, amet et labore voluptua sit rebum. Ea erat sed et diam takimata sed justo. Magna takimata justo et amet magna et.", "rating": 4, "pic": "shop/2022/11/keyboard_2.jpg", "added_at": "2022-11-22T14:54:36.093Z", "category": "New", "slug": "16691288760917678-keyboard-2"}}, {"model": "shop.product", "pk": 30, "fields": {"name": "laptop", "price": 1900, "description": "Eos no lorem eirmod diam diam, eos elitr et gubergren diam sea. Consetetur vero aliquyam invidunt duo dolores et duo sit. Vero diam ea vero et dolore rebum, dolor rebum eirmod consetetur invidunt sed sed et, lorem duo et eos elitr, sadipscing kasd ipsum rebum diam. Dolore diam stet rebum sed tempor kasd eirmod. Takimata kasd ipsum accusam sadipscing, eos dolores sit no ut diam consetetur duo justo est, sit sanctus diam tempor aliquyam eirmod nonumy rebum dolor accusam, ipsum kasd eos consetetur at sit rebum, diam kasd invidunt tempor lorem, ipsum lorem elitr sanctus eirmod takimata dolor ea invidunt.\r\n\r\n    Dolore magna est eirmod sanctus dolor, amet diam et eirmod et ipsum. Amet dolore tempor consetetur sed lorem dolor sit lorem tempor. Gubergren amet amet labore sadipscing clita clita diam clita. Sea amet et sed ipsum lorem elitr et, amet et labore voluptua sit rebum. Ea erat sed et diam takimata sed justo. Magna takimata justo et amet magna et.", "rating": 4, "pic": "shop/2022/11/laptop1.jpg", "added_at": "2022-11-22T14:55:08.257Z", "category": "Popular", "slug": "1669128908256559-laptop"}}, {"model": "shop.product", "pk": 31, "fields": {"name": "smartphone S-71", "price": 700, "description": "Eos no lorem eirmod diam diam, eos elitr et gubergren diam sea. Consetetur vero aliquyam invidunt duo dolores et duo sit. Vero diam ea vero et dolore rebum, dolor rebum eirmod consetetur invidunt sed sed et, lorem duo et eos elitr, sadipscing kasd ipsum rebum diam. Dolore diam stet rebum sed tempor kasd eirmod. Takimata kasd ipsum accusam sadipscing, eos dolores sit no ut diam consetetur duo justo est, sit sanctus diam tempor aliquyam eirmod nonumy rebum dolor accusam, ipsum kasd eos consetetur at sit rebum, diam kasd invidunt tempor lorem, ipsum lorem elitr sanctus eirmod takimata dolor ea invidunt.\r\n\r\n    Dolore magna est eirmod sanctus dolor, amet diam et eirmod et ipsum. Amet dolore tempor consetetur sed lorem dolor sit lorem tempor. Gubergren amet amet labore sadipscing clita clita diam clita. Sea amet et sed ipsum lorem elitr et, amet et labore voluptua sit rebum. Ea erat sed et diam takimata sed justo. Magna takimata justo et amet magna et.", "rating": 10, "pic": "shop/2022/11/smartphone.jpg", "added_at": "2022-11-22T14:55:45.658Z", "category": "New", "slug": "16691289456520789-smartphone-s-71"}}, {"model": "shop.product", "pk": 32, "fields": {"name": "computer", "price": 1200, "description": "Eos no lorem eirmod diam diam, eos elitr et gubergren diam sea. Consetetur vero aliquyam invidunt duo dolores et duo sit. Vero diam ea vero et dolore rebum, dolor rebum eirmod consetetur invidunt sed sed et, lorem duo et eos elitr, sadipscing kasd ipsum rebum diam. Dolore diam stet rebum sed tempor kasd eirmod. Takimata kasd ipsum accusam sadipscing, eos dolores sit no ut diam consetetur duo justo est, sit sanctus diam tempor aliquyam eirmod nonumy rebum dolor accusam, ipsum kasd eos consetetur at sit rebum, diam kasd invidunt tempor lorem, ipsum lorem elitr sanctus eirmod takimata dolor ea invidunt.\r\n\r\n    Dolore magna est eirmod sanctus dolor, amet diam et eirmod et ipsum. Amet dolore tempor consetetur sed lorem dolor sit lorem tempor. Gubergren amet amet labore sadipscing clita clita diam clita. Sea amet et sed ipsum lorem elitr et, amet et labore voluptua sit rebum. Ea erat sed et diam takimata sed justo. Magna takimata justo et amet magna et.", "rating": 5, "pic": "shop/2022/11/ASUSS_M-211.jpg", "added_at": "2022-11-22T14:56:28.730Z", "category": "Tech", "slug": "16691289887298367-computer"}}, {"model": "shop.orderitem", "pk": 98, "fields": {"order": 2, "product": 29, "quantity": 1, "date_added": "2022-11-28T13:38:06.401Z"}}, {"model": "shop.orderitem", "pk": 99, "fields": {"order": 2, "product": 30, "quantity": 2, "date_added": "2022-11-28T13:38:06.401Z"}}, {"model": "shop.orderitem", "pk": 100, "fields": {"order": 38, "product": 20, "quantity": 1, "date_added": "2022-11-28T13:38:06.401Z"}}, {"model": "shop.orderitem", "pk": 101, "fields": {"order": 38, "product": 27, "quantity": 1, "date_added": "2022-11-28T13:38:06.401Z"}}, {"model": "shop.orderitem", "pk": 102, "fields": {"order": 64, "product": 20, "quantity": 2, "date_added": "2022-11-28T13:38:06.401Z"}}, {"model": "shop.orderitem", "pk": 103, "fields": {"order": 64, "product": 22, "quantity": 2, "date_added": "2022-11-28T13:38:06.401Z"}}, {"model": "shop.orderitem", "pk": 104, "fields": {"order": 64, "product": 19, "quantity": 2, "date_added": "2022-11-28T13:38:06.401Z"}}, {"model": "shop.orderitem", "pk": 105, "fields": {"order": 64, "product": 25, "quantity": 1, "date_added": "2022-11-28T13:38:06.401Z"}}, {"model": "shop.orderitem", "pk": 106, "fields": {"order": 68, "product": 20, "quantity": 2, "date_added": "2022-11-28T13:38:06.401Z"}}, {"model": "shop.orderitem", "pk": 107, "fields": {"order": 69, "product": 25, "quantity": 2, "date_added": "2022-11-28T13:38:06.401Z"}}, {"model": "shop.orderitem", "pk": 118, "fields": {"order": 73, "product": 20, "quantity": 2, "date_added": "2022-11-28T14:17:18.977Z"}}, {"model": "shop.orderitem", "pk": 119, "fields": {"order": 73, "product": 22, "quantity": 5, "date_added": "2022-11-28T14:17:20.187Z"}}, {"model": "shop.order", "pk": 1, "fields": {"date_created": "2022-11-06T09:39:35.342Z", "customer": 1, "status": "Ready", "date_added": "2022-11-20T16:42:20.209Z", "products": []}}, {"model": "shop.order", "pk": 2, "fields": {"date_created": null, "customer": 1, "status": "Cart", "date_added": "2022-11-20T16:42:20.209Z", "products": []}}, {"model": "shop.order", "pk": 3, "fields": {"date_created": null, "customer": 3, "status": "Cart", "date_added": "2022-11-20T16:42:20.209Z", "products": []}}, {"model": "shop.order", "pk": 4, "fields": {"date_created": null, "customer": 2, "status": "Cart", "date_added": "2022-11-20T20:01:11.149Z", "products": []}}, {"model": "shop.order", "pk": 6, "fields": {"date_created": null, "customer": 4, "status": "Pending", "date_added": "2022-11-20T20:14:56.752Z", "products": []}}, {"model": "shop.order", "pk": 9, "fields": {"date_created": null, "customer": 5, "status": "Cart", "date_added": "2022-11-21T11:07:06.437Z", "products": []}}, {"model": "shop.order", "pk": 13, "fields": {"date_created": null, "customer": 6, "status": "Cart", "date_added": "2022-11-21T15:47:28.570Z", "products": []}}, {"model": "shop.order", "pk": 20, "fields": {"date_created": null, "customer": 4, "status": "Pending", "date_added": "2022-11-21T18:27:45.206Z", "products": []}}, {"model": "shop.order", "pk": 21, "fields": {"date_created": null, "customer": 4, "status": "Pending", "date_added": "2022-11-21T18:44:15.950Z", "products": []}}, {"model": "shop.order", "pk": 22, "fields": {"date_created": null, "customer": 7, "status": "Pending", "date_added": "2022-11-21T18:47:34.408Z", "products": []}}, {"model": "shop.order", "pk": 24, "fields": {"date_created": null, "customer": 7, "status": "Cart", "date_added": "2022-11-21T18:51:42.015Z", "products": []}}, {"model": "shop.order", "pk": 27, "fields": {"date_created": null, "customer": 4, "status": "Pending", "date_added": "2022-11-21T18:53:48.067Z", "products": []}}, {"model": "shop.order", "pk": 29, "fields": {"date_created": null, "customer": 4, "status": "Pending", "date_added": "2022-11-22T11:23:52.085Z", "products": []}}, {"model": "shop.order", "pk": 31, "fields": {"date_created": null, "customer": 4, "status": "Pending", "date_added": "2022-11-22T11:25:50.707Z", "products": []}}, {"model": "shop.order", "pk": 32, "fields": {"date_created": null, "customer": 4, "status": "Pending", "date_added": "2022-11-22T12:48:34.527Z", "products": []}}, {"model": "shop.order", "pk": 33, "fields": {"date_created": null, "customer": 4, "status": "Pending", "date_added": "2022-11-22T12:56:23.148Z", "products": []}}, {"model": "shop.order", "pk": 34, "fields": {"date_created": null, "customer": 4, "status": "Pending", "date_added": "2022-11-22T13:01:14.060Z", "products": []}}, {"model": "shop.order", "pk": 35, "fields": {"date_created": null, "customer": 4, "status": "Cart", "date_added": "2022-11-22T13:02:39.020Z", "products": []}}, {"model": "shop.order", "pk": 38, "fields": {"date_created": null, "customer": 8, "status": "Cart", "date_added": "2022-11-22T15:24:53.149Z", "products": []}}, {"model": "shop.order", "pk": 41, "fields": {"date_created": null, "customer": 9, "status": "Cart", "date_added": "2022-11-22T15:29:43.011Z", "products": []}}, {"model": "shop.order", "pk": 44, "fields": {"date_created": null, "customer": 10, "status": "Cart", "date_added": "2022-11-22T15:51:46.061Z", "products": []}}, {"model": "shop.order", "pk": 48, "fields": {"date_created": null, "customer": 11, "status": "Cart", "date_added": "2022-11-22T18:09:43.096Z", "products": []}}, {"model": "shop.order", "pk": 51, "fields": {"date_created": null, "customer": 12, "status": "Cart", "date_added": "2022-11-22T18:11:40.144Z", "products": []}}, {"model": "shop.order", "pk": 54, "fields": {"date_created": null, "customer": 13, "status": "Cart", "date_added": "2022-11-22T18:22:48.357Z", "products": []}}, {"model": "shop.order", "pk": 57, "fields": {"date_created": null, "customer": 14, "status": "Cart", "date_added": "2022-11-22T18:23:31.466Z", "products": []}}, {"model": "shop.order", "pk": 60, "fields": {"date_created": null, "customer": 15, "status": "Cart", "date_added": "2022-11-22T18:24:23.758Z", "products": []}}, {"model": "shop.order", "pk": 64, "fields": {"date_created": null, "customer": 16, "status": "Pending", "date_added": "2022-11-22T18:27:16.380Z", "products": []}}, {"model": "shop.order", "pk": 68, "fields": {"date_created": null, "customer": 16, "status": "Pending", "date_added": "2022-11-22T18:29:30.233Z", "products": []}}, {"model": "shop.order", "pk": 69, "fields": {"date_created": null, "customer": 16, "status": "Cart", "date_added": "2022-11-22T18:48:12.964Z", "products": []}}, {"model": "shop.order", "pk": 73, "fields": {"date_created": null, "customer": 17, "status": "Cart", "date_added": "2022-11-28T14:17:16.043Z", "products": []}}, {"model": "shop.order", "pk": 76, "fields": {"date_created": null, "customer": null, "status": "Cart", "date_added": "2022-11-28T14:17:42.991Z", "products": []}}, {"model": "shop.shippingaddress", "pk": 1, "fields": {"customer": null, "order": null, "country": "dfh", "city": "sdf", "address": "asdf", "zip_code": "153", "date_added": "2022-11-21T18:24:49.108Z"}}, {"model": "shop.shippingaddress", "pk": 2, "fields": {"customer": 4, "order": 6, "country": "asret", "city": "df", "address": "fhdfs", "zip_code": "gjs", "date_added": "2022-11-21T18:25:51.453Z"}}, {"model": "shop.shippingaddress", "pk": 3, "fields": {"customer": 4, "order": 6, "country": "asdfgh", "city": "sdfh", "address": "sdfh", "zip_code": "dfj", "date_added": "2022-11-21T18:26:27.573Z"}}, {"model": "shop.shippingaddress", "pk": 4, "fields": {"customer": 4, "order": 6, "country": "sjfg", "city": "df", "address": "gjd", "zip_code": "sret", "date_added": "2022-11-21T18:27:09.166Z"}}, {"model": "shop.shippingaddress", "pk": 5, "fields": {"customer": 4, "order": 6, "country": "fgj", "city": "asdf", "address": "aa", "zip_code": "te", "date_added": "2022-11-21T18:27:44.921Z"}}, {"model": "shop.shippingaddress", "pk": 6, "fields": {"customer": 4, "order": 20, "country": "sdfhsd", "city": "dfh", "address": "gjdfg", "zip_code": "jdfg", "date_added": "2022-11-21T18:44:15.578Z"}}, {"model": "shop.shippingaddress", "pk": 7, "fields": {"customer": 7, "order": 22, "country": "gas", "city": "dgasd", "address": "gasdg", "zip_code": "asdg", "date_added": "2022-11-21T18:51:41.685Z"}}, {"model": "shop.shippingaddress", "pk": 8, "fields": {"customer": 4, "order": 21, "country": "adsfh", "city": "sdfh", "address": "sdgj", "zip_code": "fdgjdf", "date_added": "2022-11-21T18:53:47.755Z"}}, {"model": "shop.shippingaddress", "pk": 9, "fields": {"customer": 4, "order": 27, "country": "j", "city": "gjdfg", "address": "fgjdf", "zip_code": "jdf", "date_added": "2022-11-22T11:23:51.798Z"}}, {"model": "shop.shippingaddress", "pk": 10, "fields": {"customer": 4, "order": 29, "country": "jdfgj", "city": "dfg", "address": "dfkfghk", "zip_code": "dfgj", "date_added": "2022-11-22T11:25:50.322Z"}}, {"model": "shop.shippingaddress", "pk": 11, "fields": {"customer": 4, "order": 31, "country": "h", "city": "dfg", "address": "dfgjh", "zip_code": "j", "date_added": "2022-11-22T12:48:34.214Z"}}, {"model": "shop.shippingaddress", "pk": 12, "fields": {"customer": 4, "order": 32, "country": "gasdg", "city": "asdga", "address": "asdgf", "zip_code": "asdg", "date_added": "2022-11-22T12:56:22.720Z"}}, {"model": "shop.shippingaddress", "pk": 13, "fields": {"customer": null, "order": null, "country": "hsdf", "city": "sdfh", "address": "adf", "zip_code": "asdf", "date_added": "2022-11-22T12:57:28.569Z"}}, {"model": "shop.shippingaddress", "pk": 14, "fields": {"customer": null, "order": null, "country": "asgha", "city": "sadg", "address": "asdg", "zip_code": "asdg", "date_added": "2022-11-22T12:58:40.651Z"}}, {"model": "shop.shippingaddress", "pk": 15, "fields": {"customer": null, "order": null, "country": "asgha", "city": "sadg", "address": "asdg", "zip_code": "asdg", "date_added": "2022-11-22T12:58:56.607Z"}}, {"model": "shop.shippingaddress", "pk": 16, "fields": {"customer": null, "order": null, "country": "asgha", "city": "sadg", "address": "asdg", "zip_code": "asdg", "date_added": "2022-11-22T13:00:02.999Z"}}, {"model": "shop.shippingaddress", "pk": 17, "fields": {"customer": null, "order": null, "country": "asgha", "city": "sadg", "address": "asdg", "zip_code": "asdg", "date_added": "2022-11-22T13:01:01.180Z"}}, {"model": "shop.shippingaddress", "pk": 18, "fields": {"customer": 4, "order": 33, "country": "asgha", "city": "sadggd", "address": "asdgsdg", "zip_code": "asdg", "date_added": "2022-11-22T13:01:13.571Z"}}, {"model": "shop.shippingaddress", "pk": 19, "fields": {"customer": 4, "order": 34, "country": "asdf", "city": "dfaaf", "address": "sdfg", "zip_code": "dj", "date_added": "2022-11-22T13:02:38.465Z"}}, {"model": "shop.shippingaddress", "pk": 20, "fields": {"customer": 16, "order": 64, "country": "hsdfh", "city": "fhsdf", "address": "sdfh", "zip_code": "sdfhsd", "date_added": "2022-11-22T18:29:29.665Z"}}, {"model": "shop.shippingaddress", "pk": 21, "fields": {"customer": 16, "order": 68, "country": "sdfh", "city": "dsafh", "address": "hdfh", "zip_code": "ahdf", "date_added": "2022-11-22T18:48:12.415Z"}}, {"model": "shop.card", "pk": 1, "fields": {"order": null, "name_on_card": "asdg", "number": "hsd", "expiration_date": "dsfh", "cvv": "gdsg", "customer": []}}, {"model": "shop.card", "pk": 2, "fields": {"order": null, "name_on_card": "asdg", "number": "hfsd", "expiration_date": "asdf", "cvv": "asgh", "customer": []}}, {"model": "shop.card", "pk": 3, "fields": {"order": null, "name_on_card": "asdf", "number": "asdf", "expiration_date": "sdfh", "cvv": "shdfh", "customer": []}}, {"model": "shop.card", "pk": 4, "fields": {"order": null, "name_on_card": "asdf", "number": "asdf", "expiration_date": "sdfh", "cvv": "shdfh", "customer": []}}, {"model": "shop.card", "pk": 5, "fields": {"order": null, "name_on_card": "asdf", "number": "asdf", "expiration_date": "sdfh", "cvv": "shdfh", "customer": []}}, {"model": "shop.card", "pk": 6, "fields": {"order": null, "name_on_card": "asdf", "number": "asdf", "expiration_date": "sdfh", "cvv": "shdfh", "customer": []}}, {"model": "shop.card", "pk": 7, "fields": {"order": null, "name_on_card": "asdf", "number": "asdf", "expiration_date": "sdfh", "cvv": "shdfh", "customer": [4]}}, {"model": "shop.card", "pk": 8, "fields": {"order": 34, "name_on_card": "412", "number": "asdg", "expiration_date": "adsfa", "cvv": "gasdga", "customer": [4]}}, {"model": "shop.card", "pk": 9, "fields": {"order": 64, "name_on_card": "hsdf", "number": "shdf", "expiration_date": "dhf", "cvv": "sdfh", "customer": [16]}}, {"model": "shop.card", "pk": 10, "fields": {"order": 68, "name_on_card": "asd", "number": "gasd", "expiration_date": "hg", "cvv": "afdsgas", "customer": [16]}}]